comune_denominazione,comune_codice_istat,regione_denominazione,link_stemma
Alcamo,81001,Sicilia,https://upload.wikimedia.org/wikipedia/commons/thumb/9/93/Logo_di_Alcamo.png/80px-Logo_di_Alcamo.png
Buseto Palizzolo,81002,Sicilia,https://upload.wikimedia.org/wikipedia/it/thumb/d/d4/Buseto_Palizzolo-Stemma.png/80px-Buseto_Palizzolo-Stemma.png
Calatafimi-Segesta,81003,Sicilia,https://upload.wikimedia.org/wikipedia/it/thumb/f/f5/Calatafimi_Segesta-Stemma.png/80px-Calatafimi_Segesta-Stemma.png
Campobello di Mazara,81004,Sicilia,https://upload.wikimedia.org/wikipedia/it/thumb/9/97/Campobello_di_Mazara-Stemma.png/80px-Campobello_di_Mazara-Stemma.png
Castellammare del Golfo,81005,Sicilia,https://upload.wikimedia.org/wikipedia/commons/thumb/7/7a/Castellammare_del_Golfo.Stemma.png/80px-Castellammare_del_Golfo.Stemma.png
Castelvetrano,81006,Sicilia,https://upload.wikimedia.org/wikipedia/it/thumb/0/0a/Castelvetrano-Stemma.png/80px-Castelvetrano-Stemma.png
Custonaci,81007,Sicilia,https://upload.wikimedia.org/wikipedia/it/thumb/d/de/Custonaci-Stemma.png/80px-Custonaci-Stemma.png
Erice,81008,Sicilia,https://upload.wikimedia.org/wikipedia/it/thumb/6/6b/Erice-Stemma.png/80px-Erice-Stemma.png
Favignana,81009,Sicilia,https://upload.wikimedia.org/wikipedia/it/thumb/e/ee/Favignana_%28Italia%29-Stemma.png/80px-Favignana_%28Italia%29-Stemma.png
Gibellina,81010,Sicilia,https://upload.wikimedia.org/wikipedia/it/thumb/d/df/Gibellina-Stemma.png/80px-Gibellina-Stemma.png
Marsala,81011,Sicilia,https://upload.wikimedia.org/wikipedia/it/thumb/d/d0/Marsala-Stemma.png/80px-Marsala-Stemma.png
Mazara del Vallo,81012,Sicilia,https://upload.wikimedia.org/wikipedia/it/thumb/1/10/Mazara_del_Vallo-Stemma.png/80px-Mazara_del_Vallo-Stemma.png
Paceco,81013,Sicilia,https://upload.wikimedia.org/wikipedia/it/thumb/e/e3/Paceco-Stemma.png/80px-Paceco-Stemma.png
Pantelleria,81014,Sicilia,https://upload.wikimedia.org/wikipedia/it/thumb/7/70/Pantelleria-Stemma.png/80px-Pantelleria-Stemma.png
Partanna,81015,Sicilia,https://upload.wikimedia.org/wikipedia/it/thumb/4/4b/Partanna-Stemma.png/78px-Partanna-Stemma.png
Poggioreale,81016,Sicilia,https://upload.wikimedia.org/wikipedia/it/thumb/0/02/Poggioreale-Stemma.png/65px-Poggioreale-Stemma.png
Salaparuta,81017,Sicilia,https://upload.wikimedia.org/wikipedia/it/thumb/b/b2/Salaparuta-Stemma.png/80px-Salaparuta-Stemma.png
Salemi,81018,Sicilia,https://upload.wikimedia.org/wikipedia/it/thumb/b/ba/Salemi-Stemma.png/80px-Salemi-Stemma.png
Santa Ninfa,81019,Sicilia,https://upload.wikimedia.org/wikipedia/it/thumb/9/96/Santa_Ninfa-Stemma.png/80px-Santa_Ninfa-Stemma.png
San Vito Lo Capo,81020,Sicilia,https://upload.wikimedia.org/wikipedia/it/thumb/5/5d/San_Vito_Lo_Capo-Stemma.png/80px-San_Vito_Lo_Capo-Stemma.png
Trapani,81021,Sicilia,https://upload.wikimedia.org/wikipedia/it/thumb/e/e1/Trapani-Stemma.png/69px-Trapani-Stemma.png
Valderice,81022,Sicilia,https://upload.wikimedia.org/wikipedia/it/thumb/d/d7/Valderice-Stemma.png/80px-Valderice-Stemma.png
Vita,81023,Sicilia,https://upload.wikimedia.org/wikipedia/it/thumb/1/1c/Vita-Stemma.png/80px-Vita-Stemma.png
Petrosino,81024,Sicilia,https://upload.wikimedia.org/wikipedia/it/thumb/4/45/Petrosino-Stemma.png/80px-Petrosino-Stemma.png
Misiliscemi,81025,Sicilia,https://upload.wikimedia.org/wikipedia/it/thumb/f/fe/Provincia_di_Trapani-Stemma.png/20px-Provincia_di_Trapani-Stemma.png
Alia,82001,Sicilia,https://upload.wikimedia.org/wikipedia/it/thumb/e/e7/Alia-Stemma.png/80px-Alia-Stemma.png
Alimena,82002,Sicilia,https://upload.wikimedia.org/wikipedia/it/thumb/7/74/Alimena-Stemma.png/80px-Alimena-Stemma.png
Aliminusa,82003,Sicilia,https://upload.wikimedia.org/wikipedia/it/thumb/7/70/Aliminusa-Stemma.png/80px-Aliminusa-Stemma.png
Altavilla Milicia,82004,Sicilia,https://upload.wikimedia.org/wikipedia/it/thumb/4/4d/Altavilla_Milicia-Stemma.png/80px-Altavilla_Milicia-Stemma.png
Altofonte,82005,Sicilia,https://upload.wikimedia.org/wikipedia/it/thumb/1/12/Altofonte-Stemma.png/80px-Altofonte-Stemma.png
Bagheria,82006,Sicilia,https://upload.wikimedia.org/wikipedia/it/thumb/f/f5/Bagheria-Stemma.png/80px-Bagheria-Stemma.png
Balestrate,82007,Sicilia,https://upload.wikimedia.org/wikipedia/commons/thumb/6/6b/Stemma_di_Balestrate.svg/80px-Stemma_di_Balestrate.svg.png
Baucina,82008,Sicilia,https://upload.wikimedia.org/wikipedia/it/thumb/4/4e/Baucina-Stemma.png/80px-Baucina-Stemma.png
Belmonte Mezzagno,82009,Sicilia,https://upload.wikimedia.org/wikipedia/it/thumb/c/cb/Belmonte_Mezzagno-Stemma.png/80px-Belmonte_Mezzagno-Stemma.png
Bisacquino,82010,Sicilia,https://upload.wikimedia.org/wikipedia/it/thumb/1/1a/Bisacquino-Stemma.png/71px-Bisacquino-Stemma.png
Bolognetta,82011,Sicilia,https://upload.wikimedia.org/wikipedia/it/thumb/9/99/Bolognetta-Stemma.png/80px-Bolognetta-Stemma.png
Bompietro,82012,Sicilia,https://upload.wikimedia.org/wikipedia/it/thumb/1/10/Bompietro-Stemma.png/80px-Bompietro-Stemma.png
Borgetto,82013,Sicilia,https://upload.wikimedia.org/wikipedia/it/thumb/9/99/Borgetto-Stemma.png/80px-Borgetto-Stemma.png
Caccamo,82014,Sicilia,https://upload.wikimedia.org/wikipedia/it/thumb/4/4a/Caccamo-Stemma.png/80px-Caccamo-Stemma.png
Caltavuturo,82015,Sicilia,https://upload.wikimedia.org/wikipedia/it/thumb/f/f7/Caltavuturo-Stemma.png/80px-Caltavuturo-Stemma.png
Campofelice di Fitalia,82016,Sicilia,https://upload.wikimedia.org/wikipedia/it/thumb/c/c6/Campofelice_di_Fitalia-Stemma.png/80px-Campofelice_di_Fitalia-Stemma.png
Campofelice di Roccella,82017,Sicilia,https://upload.wikimedia.org/wikipedia/it/thumb/3/31/Campofelice_di_Roccella-Stemma.png/80px-Campofelice_di_Roccella-Stemma.png
Campofiorito,82018,Sicilia,https://upload.wikimedia.org/wikipedia/it/thumb/8/85/Campofiorito-Stemma.png/80px-Campofiorito-Stemma.png
Camporeale,82019,Sicilia,https://upload.wikimedia.org/wikipedia/it/thumb/2/28/Camporeale-Stemma.png/80px-Camporeale-Stemma.png
Capaci,82020,Sicilia,https://upload.wikimedia.org/wikipedia/it/thumb/d/db/Capaci-Stemma.png/80px-Capaci-Stemma.png
Carini,82021,Sicilia,https://upload.wikimedia.org/wikipedia/it/thumb/2/24/Carini-Stemma.png/80px-Carini-Stemma.png
Castelbuono,82022,Sicilia,https://upload.wikimedia.org/wikipedia/it/thumb/a/ae/Castelbuono-Stemma.png/80px-Castelbuono-Stemma.png
Casteldaccia,82023,Sicilia,https://upload.wikimedia.org/wikipedia/it/thumb/2/29/Casteldaccia-Stemma.png/80px-Casteldaccia-Stemma.png
Castellana Sicula,82024,Sicilia,https://upload.wikimedia.org/wikipedia/it/thumb/9/91/Castellana_Sicula-Stemma.png/80px-Castellana_Sicula-Stemma.png
Castronovo di Sicilia,82025,Sicilia,https://upload.wikimedia.org/wikipedia/it/thumb/2/2b/Castronovo_di_Sicilia-Stemma.png/80px-Castronovo_di_Sicilia-Stemma.png
Cefalà Diana,82026,Sicilia,https://upload.wikimedia.org/wikipedia/it/thumb/8/8f/Cefal%C3%A0_Diana-Stemma.png/80px-Cefal%C3%A0_Diana-Stemma.png
Cefalù,82027,Sicilia,https://upload.wikimedia.org/wikipedia/commons/thumb/5/5a/Cefal%C3%B9-Stemma.svg/80px-Cefal%C3%B9-Stemma.svg.png
Cerda,82028,Sicilia,https://upload.wikimedia.org/wikipedia/it/thumb/3/36/Cerda-Stemma.png/80px-Cerda-Stemma.png
Chiusa Sclafani,82029,Sicilia,https://upload.wikimedia.org/wikipedia/it/thumb/9/9b/Chiusa_Sclafani-Stemma.png/80px-Chiusa_Sclafani-Stemma.png
Ciminna,82030,Sicilia,https://upload.wikimedia.org/wikipedia/it/thumb/e/e6/Ciminna-Stemma.png/80px-Ciminna-Stemma.png
Cinisi,82031,Sicilia,https://upload.wikimedia.org/wikipedia/it/thumb/7/7b/Cinisi-Stemma.png/80px-Cinisi-Stemma.png
Collesano,82032,Sicilia,https://upload.wikimedia.org/wikipedia/it/thumb/5/54/Collesano-Stemma.png/80px-Collesano-Stemma.png
Contessa Entellina,82033,Sicilia,https://upload.wikimedia.org/wikipedia/it/thumb/2/2a/Contessa_Entellina-Stemma.png/80px-Contessa_Entellina-Stemma.png
Corleone,82034,Sicilia,https://upload.wikimedia.org/wikipedia/it/thumb/b/be/Corleone-Stemma.png/80px-Corleone-Stemma.png
Ficarazzi,82035,Sicilia,https://upload.wikimedia.org/wikipedia/it/thumb/1/13/Ficarazzi-Stemma.png/80px-Ficarazzi-Stemma.png
Gangi,82036,Sicilia,https://upload.wikimedia.org/wikipedia/it/thumb/2/20/Gangi-Stemma.png/80px-Gangi-Stemma.png
Geraci Siculo,82037,Sicilia,https://upload.wikimedia.org/wikipedia/it/thumb/f/f5/Geraci_Siculo-Stemma.png/80px-Geraci_Siculo-Stemma.png
Giardinello,82038,Sicilia,https://upload.wikimedia.org/wikipedia/it/thumb/e/e1/Giardinello-Stemma.png/80px-Giardinello-Stemma.png
Giuliana,82039,Sicilia,https://upload.wikimedia.org/wikipedia/it/thumb/4/4f/Giuliana-Stemma.png/80px-Giuliana-Stemma.png
Godrano,82040,Sicilia,https://upload.wikimedia.org/wikipedia/it/thumb/e/e4/Godrano-Stemma.png/80px-Godrano-Stemma.png
Gratteri,82041,Sicilia,https://upload.wikimedia.org/wikipedia/it/thumb/9/94/Gratteri-Stemma.png/80px-Gratteri-Stemma.png
Isnello,82042,Sicilia,https://upload.wikimedia.org/wikipedia/it/thumb/1/1f/Isnello-Stemma.png/80px-Isnello-Stemma.png
Isola delle Femmine,82043,Sicilia,https://upload.wikimedia.org/wikipedia/it/thumb/2/20/Isola_delle_Femmine-Stemma.png/80px-Isola_delle_Femmine-Stemma.png
Lascari,82044,Sicilia,https://upload.wikimedia.org/wikipedia/it/thumb/3/3c/Lascari-Stemma.png/80px-Lascari-Stemma.png
Lercara Friddi,82045,Sicilia,https://upload.wikimedia.org/wikipedia/it/thumb/9/9b/Lercara_Friddi-Stemma.png/74px-Lercara_Friddi-Stemma.png
Marineo,82046,Sicilia,https://upload.wikimedia.org/wikipedia/it/thumb/d/df/Marineo-Stemma.png/80px-Marineo-Stemma.png
Mezzojuso,82047,Sicilia,https://upload.wikimedia.org/wikipedia/it/thumb/9/97/Mezzojuso-Stemma.png/80px-Mezzojuso-Stemma.png
Misilmeri,82048,Sicilia,https://upload.wikimedia.org/wikipedia/it/thumb/f/f0/Misilmeri-Stemma_it.png/80px-Misilmeri-Stemma_it.png
Monreale,82049,Sicilia,https://upload.wikimedia.org/wikipedia/it/thumb/9/9b/Monreale-Stemma.png/69px-Monreale-Stemma.png
Montelepre,82050,Sicilia,https://upload.wikimedia.org/wikipedia/it/thumb/b/bf/Montelepre-Stemma.png/80px-Montelepre-Stemma.png
Montemaggiore Belsito,82051,Sicilia,https://upload.wikimedia.org/wikipedia/it/thumb/d/d6/Montemaggiore_Belsito-Stemma.png/80px-Montemaggiore_Belsito-Stemma.png
Palazzo Adriano,82052,Sicilia,https://upload.wikimedia.org/wikipedia/it/thumb/1/10/Palazzo_Adriano-Stemma.png/80px-Palazzo_Adriano-Stemma.png
Palermo,82053,Sicilia,https://upload.wikimedia.org/wikipedia/commons/thumb/d/d1/Palermo-Stemma.svg/80px-Palermo-Stemma.svg.png
Partinico,82054,Sicilia,https://upload.wikimedia.org/wikipedia/it/thumb/f/f3/Partinico-Stemma.png/80px-Partinico-Stemma.png
Petralia Soprana,82055,Sicilia,https://upload.wikimedia.org/wikipedia/it/thumb/3/3d/Petralia_Soprana-Stemma.png/80px-Petralia_Soprana-Stemma.png
Petralia Sottana,82056,Sicilia,https://upload.wikimedia.org/wikipedia/it/thumb/7/7b/Petralia_Sottana-Stemma.png/80px-Petralia_Sottana-Stemma.png
Piana degli Albanesi,82057,Sicilia,https://upload.wikimedia.org/wikipedia/commons/thumb/1/12/Piana_degli_Albanesi-Stemma_Comune.jpg/80px-Piana_degli_Albanesi-Stemma_Comune.jpg
Polizzi Generosa,82058,Sicilia,https://upload.wikimedia.org/wikipedia/it/thumb/8/82/Polizzi_Generosa-Stemma.png/80px-Polizzi_Generosa-Stemma.png
Pollina,82059,Sicilia,https://upload.wikimedia.org/wikipedia/it/thumb/4/4f/Pollina-Stemma.png/80px-Pollina-Stemma.png
Prizzi,82060,Sicilia,https://upload.wikimedia.org/wikipedia/it/thumb/2/2f/Prizzi-Stemma.png/80px-Prizzi-Stemma.png
Roccamena,82061,Sicilia,https://upload.wikimedia.org/wikipedia/it/thumb/d/da/Roccamena-Stemma.png/80px-Roccamena-Stemma.png
Roccapalumba,82062,Sicilia,https://upload.wikimedia.org/wikipedia/it/thumb/7/7e/Roccapalumba-Stemma.png/80px-Roccapalumba-Stemma.png
San Cipirello,82063,Sicilia,https://upload.wikimedia.org/wikipedia/it/thumb/f/fb/San_Cipirello-Stemma.png/80px-San_Cipirello-Stemma.png
San Giuseppe Jato,82064,Sicilia,https://upload.wikimedia.org/wikipedia/it/thumb/d/d0/San_Giuseppe_Jato-Stemma.png/80px-San_Giuseppe_Jato-Stemma.png
San Mauro Castelverde,82065,Sicilia,https://upload.wikimedia.org/wikipedia/it/thumb/5/53/San_Mauro_Castelverde-Stemma.png/80px-San_Mauro_Castelverde-Stemma.png
Santa Cristina Gela,82066,Sicilia,https://upload.wikimedia.org/wikipedia/it/thumb/3/3b/Santa_Cristina_Gela-Stemma.png/80px-Santa_Cristina_Gela-Stemma.png
Santa Flavia,82067,Sicilia,https://upload.wikimedia.org/wikipedia/it/thumb/f/f0/Santa_Flavia-Stemma.png/80px-Santa_Flavia-Stemma.png
Sciara,82068,Sicilia,https://upload.wikimedia.org/wikipedia/it/thumb/6/62/Sciara-Stemma.png/80px-Sciara-Stemma.png
Sclafani Bagni,82069,Sicilia,https://upload.wikimedia.org/wikipedia/it/thumb/2/20/Sclafani_Bagni-Stemma.png/80px-Sclafani_Bagni-Stemma.png
Termini Imerese,82070,Sicilia,https://upload.wikimedia.org/wikipedia/it/thumb/8/89/Termini_Imerese-Stemma.png/80px-Termini_Imerese-Stemma.png
Terrasini,82071,Sicilia,https://upload.wikimedia.org/wikipedia/it/thumb/1/1e/Terrasini-Stemma.png/80px-Terrasini-Stemma.png
Torretta,82072,Sicilia,https://upload.wikimedia.org/wikipedia/it/thumb/b/b2/Torretta_%28Italia%29-Stemma.png/80px-Torretta_%28Italia%29-Stemma.png
Trabia,82073,Sicilia,https://upload.wikimedia.org/wikipedia/it/thumb/a/a9/Trabia-Stemma.png/80px-Trabia-Stemma.png
Trappeto,82074,Sicilia,https://upload.wikimedia.org/wikipedia/it/thumb/6/6e/Trappeto-Stemma.png/80px-Trappeto-Stemma.png
Ustica,82075,Sicilia,https://upload.wikimedia.org/wikipedia/it/thumb/d/d5/Ustica-Stemma.png/80px-Ustica-Stemma.png
Valledolmo,82076,Sicilia,https://upload.wikimedia.org/wikipedia/it/thumb/b/b2/Valledolmo-Stemma.png/80px-Valledolmo-Stemma.png
Ventimiglia di Sicilia,82077,Sicilia,https://upload.wikimedia.org/wikipedia/it/thumb/9/9c/Ventimiglia_di_Sicilia-Stemma.png/80px-Ventimiglia_di_Sicilia-Stemma.png
Vicari,82078,Sicilia,https://upload.wikimedia.org/wikipedia/it/thumb/6/64/Vicari-Stemma.png/80px-Vicari-Stemma.png
Villabate,82079,Sicilia,https://upload.wikimedia.org/wikipedia/it/thumb/e/e9/Villabate-Stemma.png/80px-Villabate-Stemma.png
Villafrati,82080,Sicilia,https://upload.wikimedia.org/wikipedia/it/thumb/b/ba/Villafrati-Stemma.png/80px-Villafrati-Stemma.png
Scillato,82081,Sicilia,https://upload.wikimedia.org/wikipedia/it/thumb/6/6c/Scillato-Stemma.png/80px-Scillato-Stemma.png
Blufi,82082,Sicilia,https://upload.wikimedia.org/wikipedia/it/thumb/9/92/Blufi-Stemma.png/80px-Blufi-Stemma.png
Alcara li Fusi,83001,Sicilia,https://upload.wikimedia.org/wikipedia/it/thumb/7/7a/Alcara_Li_Fusi-Stemma.png/80px-Alcara_Li_Fusi-Stemma.png
Alì,83002,Sicilia,https://upload.wikimedia.org/wikipedia/it/thumb/1/1f/Al%C3%AC-Stemma.png/80px-Al%C3%AC-Stemma.png
Alì Terme,83003,Sicilia,https://upload.wikimedia.org/wikipedia/it/thumb/6/69/Al%C3%AC_Terme-Stemma.png/80px-Al%C3%AC_Terme-Stemma.png
Antillo,83004,Sicilia,https://upload.wikimedia.org/wikipedia/it/thumb/d/da/Antillo-Stemma.png/80px-Antillo-Stemma.png
Barcellona Pozzo di Gotto,83005,Sicilia,https://upload.wikimedia.org/wikipedia/it/thumb/9/96/Barcellona_Pozzo_di_Gotto-Stemma.png/64px-Barcellona_Pozzo_di_Gotto-Stemma.png
Basicò,83006,Sicilia,https://upload.wikimedia.org/wikipedia/it/thumb/e/e5/Basic%C3%B2-Stemma.png/80px-Basic%C3%B2-Stemma.png
Brolo,83007,Sicilia,https://upload.wikimedia.org/wikipedia/it/thumb/3/38/Brolo-Stemma.png/80px-Brolo-Stemma.png
Capizzi,83008,Sicilia,https://upload.wikimedia.org/wikipedia/it/thumb/b/b3/Capizzi-Stemma.png/80px-Capizzi-Stemma.png
Capo d'Orlando,83009,Sicilia,https://upload.wikimedia.org/wikipedia/it/thumb/5/5d/Capo_d%27Orlando-Stemma.png/80px-Capo_d%27Orlando-Stemma.png
Capri Leone,83010,Sicilia,https://upload.wikimedia.org/wikipedia/it/thumb/f/f0/Capri_Leone-Stemma.png/80px-Capri_Leone-Stemma.png
Caronia,83011,Sicilia,https://upload.wikimedia.org/wikipedia/it/thumb/a/a9/Caronia-Stemma.png/80px-Caronia-Stemma.png
Casalvecchio Siculo,83012,Sicilia,https://upload.wikimedia.org/wikipedia/it/thumb/c/c4/Casalvecchio_Siculo-Stemma.png/80px-Casalvecchio_Siculo-Stemma.png
Castel di Lucio,83013,Sicilia,https://upload.wikimedia.org/wikipedia/it/thumb/3/3c/Castel_di_Lucio-Stemma.png/80px-Castel_di_Lucio-Stemma.png
Castell'Umberto,83014,Sicilia,https://upload.wikimedia.org/wikipedia/it/thumb/c/c2/Castell%27Umberto-Stemma.png/80px-Castell%27Umberto-Stemma.png
Castelmola,83015,Sicilia,https://upload.wikimedia.org/wikipedia/it/thumb/a/a7/Castelmola-Stemma.png/80px-Castelmola-Stemma.png
Castroreale,83016,Sicilia,https://upload.wikimedia.org/wikipedia/it/thumb/c/cb/Castroreale-Stemma.png/80px-Castroreale-Stemma.png
Cesarò,83017,Sicilia,https://upload.wikimedia.org/wikipedia/it/thumb/a/a9/Cesar%C3%B2-Stemma.png/80px-Cesar%C3%B2-Stemma.png
Condrò,83018,Sicilia,https://upload.wikimedia.org/wikipedia/it/thumb/e/e6/Condr%C3%B2-Stemma.png/80px-Condr%C3%B2-Stemma.png
Falcone,83019,Sicilia,https://upload.wikimedia.org/wikipedia/it/thumb/5/52/Falcone-Stemma.png/80px-Falcone-Stemma.png
Ficarra,83020,Sicilia,https://upload.wikimedia.org/wikipedia/it/thumb/a/a9/Ficarra-Stemma.png/80px-Ficarra-Stemma.png
Fiumedinisi,83021,Sicilia,https://upload.wikimedia.org/wikipedia/it/thumb/e/eb/Fiumedinisi-Stemma.png/80px-Fiumedinisi-Stemma.png
Floresta,83022,Sicilia,https://upload.wikimedia.org/wikipedia/it/thumb/4/4d/Floresta-Stemma.png/80px-Floresta-Stemma.png
Fondachelli-Fantina,83023,Sicilia,https://upload.wikimedia.org/wikipedia/it/thumb/3/38/Fondachelli_Fantina-Stemma.png/80px-Fondachelli_Fantina-Stemma.png
Forza d'Agrò,83024,Sicilia,https://upload.wikimedia.org/wikipedia/it/thumb/c/c4/Forza_d%27Agr%C3%B2-Stemma.png/80px-Forza_d%27Agr%C3%B2-Stemma.png
Francavilla di Sicilia,83025,Sicilia,https://upload.wikimedia.org/wikipedia/it/thumb/2/20/Francavilla_di_Sicilia-Stemma.png/80px-Francavilla_di_Sicilia-Stemma.png
Frazzanò,83026,Sicilia,https://upload.wikimedia.org/wikipedia/it/thumb/9/93/Frazzan%C3%B2-Stemma.png/80px-Frazzan%C3%B2-Stemma.png
Furci Siculo,83027,Sicilia,https://upload.wikimedia.org/wikipedia/it/thumb/c/c1/Furci_Siculo-Stemma.png/80px-Furci_Siculo-Stemma.png
Furnari,83028,Sicilia,https://upload.wikimedia.org/wikipedia/it/thumb/1/19/Furnari-Stemma.png/80px-Furnari-Stemma.png
Gaggi,83029,Sicilia,https://upload.wikimedia.org/wikipedia/it/thumb/9/93/Gaggi-Stemma.png/80px-Gaggi-Stemma.png
Galati Mamertino,83030,Sicilia,https://upload.wikimedia.org/wikipedia/it/thumb/8/81/Galati_Mamertino-Stemma.png/80px-Galati_Mamertino-Stemma.png
Gallodoro,83031,Sicilia,https://upload.wikimedia.org/wikipedia/it/thumb/4/42/Gallodoro-Stemma.png/80px-Gallodoro-Stemma.png
Giardini-Naxos,83032,Sicilia,https://upload.wikimedia.org/wikipedia/commons/thumb/5/59/Giardini-Naxos-Stemma.svg/80px-Giardini-Naxos-Stemma.svg.png
Gioiosa Marea,83033,Sicilia,https://upload.wikimedia.org/wikipedia/it/thumb/5/59/Gioiosa_Marea-Stemma.png/80px-Gioiosa_Marea-Stemma.png
Graniti,83034,Sicilia,https://upload.wikimedia.org/wikipedia/it/thumb/8/8d/Graniti-Stemma.png/80px-Graniti-Stemma.png
Gualtieri Sicaminò,83035,Sicilia,https://upload.wikimedia.org/wikipedia/it/thumb/f/fa/Gualtieri_Sicamin%C3%B2-Stemma.png/80px-Gualtieri_Sicamin%C3%B2-Stemma.png
Itala,83036,Sicilia,https://upload.wikimedia.org/wikipedia/it/thumb/5/52/Itala-Stemma.png/80px-Itala-Stemma.png
Leni,83037,Sicilia,https://upload.wikimedia.org/wikipedia/it/thumb/b/b2/Leni-Stemma.png/80px-Leni-Stemma.png
Letojanni,83038,Sicilia,https://upload.wikimedia.org/wikipedia/it/thumb/0/08/Letojanni-Stemma.png/80px-Letojanni-Stemma.png
Librizzi,83039,Sicilia,https://upload.wikimedia.org/wikipedia/it/thumb/d/d0/Librizzi-Stemma.png/80px-Librizzi-Stemma.png
Limina,83040,Sicilia,https://upload.wikimedia.org/wikipedia/it/thumb/1/1a/Limina-Stemma.png/80px-Limina-Stemma.png
Lipari,83041,Sicilia,https://upload.wikimedia.org/wikipedia/it/thumb/d/d4/Lipari-Stemma.png/69px-Lipari-Stemma.png
Longi,83042,Sicilia,https://upload.wikimedia.org/wikipedia/it/thumb/6/63/Longi-Stemma.png/80px-Longi-Stemma.png
Malfa,83043,Sicilia,https://upload.wikimedia.org/wikipedia/it/thumb/3/3f/Malfa-Stemma.png/80px-Malfa-Stemma.png
Malvagna,83044,Sicilia,https://upload.wikimedia.org/wikipedia/it/thumb/7/70/Malvagna-Stemma.png/80px-Malvagna-Stemma.png
Mandanici,83045,Sicilia,https://upload.wikimedia.org/wikipedia/it/thumb/2/2a/Mandanici-Stemma.png/80px-Mandanici-Stemma.png
Mazzarrà Sant'Andrea,83046,Sicilia,https://upload.wikimedia.org/wikipedia/it/thumb/b/bb/Mazzarr%C3%A0_Sant%27Andrea-Stemma.png/80px-Mazzarr%C3%A0_Sant%27Andrea-Stemma.png
Merì,83047,Sicilia,https://upload.wikimedia.org/wikipedia/it/thumb/6/62/Mer%C3%AC-Stemma.png/80px-Mer%C3%AC-Stemma.png
Messina,83048,Sicilia,https://upload.wikimedia.org/wikipedia/it/thumb/d/d7/Messina-Stemma.png/80px-Messina-Stemma.png
Milazzo,83049,Sicilia,https://upload.wikimedia.org/wikipedia/it/thumb/c/c5/Milazzo-Stemma.png/80px-Milazzo-Stemma.png
Militello Rosmarino,83050,Sicilia,https://upload.wikimedia.org/wikipedia/it/7/7d/Militello_Rosmarino-Stemma.png
Mirto,83051,Sicilia,https://upload.wikimedia.org/wikipedia/it/thumb/3/35/Mirto-Stemma.png/80px-Mirto-Stemma.png
Mistretta,83052,Sicilia,https://upload.wikimedia.org/wikipedia/commons/thumb/b/bd/Mistretta-Stemma.png/80px-Mistretta-Stemma.png
Moio Alcantara,83053,Sicilia,https://upload.wikimedia.org/wikipedia/it/thumb/d/d2/Mojo_Alcantara-Stemma.png/80px-Mojo_Alcantara-Stemma.png
Monforte San Giorgio,83054,Sicilia,https://upload.wikimedia.org/wikipedia/it/thumb/c/c7/Monforte_San_Giorgio-Stemma.png/80px-Monforte_San_Giorgio-Stemma.png
Mongiuffi Melia,83055,Sicilia,https://upload.wikimedia.org/wikipedia/it/thumb/5/55/Mongiuffi_Melia-Stemma.png/80px-Mongiuffi_Melia-Stemma.png
Montagnareale,83056,Sicilia,https://upload.wikimedia.org/wikipedia/it/thumb/2/27/Montagnareale-Stemma.png/80px-Montagnareale-Stemma.png
Montalbano Elicona,83057,Sicilia,https://upload.wikimedia.org/wikipedia/it/thumb/f/f5/Montalbano_Elicona-Stemma.png/80px-Montalbano_Elicona-Stemma.png
Motta Camastra,83058,Sicilia,https://upload.wikimedia.org/wikipedia/it/thumb/f/f8/Motta_Camastra-Stemma.png/80px-Motta_Camastra-Stemma.png
Motta d'Affermo,83059,Sicilia,https://upload.wikimedia.org/wikipedia/it/thumb/a/ad/Motta_d%27Affermo-Stemma.png/80px-Motta_d%27Affermo-Stemma.png
Naso,83060,Sicilia,https://upload.wikimedia.org/wikipedia/it/thumb/a/af/Naso_%28Italia%29-Stemma.png/74px-Naso_%28Italia%29-Stemma.png
Nizza di Sicilia,83061,Sicilia,https://upload.wikimedia.org/wikipedia/it/thumb/0/0b/Nizza_di_Sicilia-Stemma.png/80px-Nizza_di_Sicilia-Stemma.png
Novara di Sicilia,83062,Sicilia,https://upload.wikimedia.org/wikipedia/it/thumb/9/99/Novara_di_Sicilia-Stemma.png/80px-Novara_di_Sicilia-Stemma.png
Oliveri,83063,Sicilia,https://upload.wikimedia.org/wikipedia/commons/thumb/e/e9/Stemma_Oliveri.png/80px-Stemma_Oliveri.png
Pace del Mela,83064,Sicilia,https://upload.wikimedia.org/wikipedia/it/thumb/e/e6/Pace_del_Mela-Stemma.png/80px-Pace_del_Mela-Stemma.png
Pagliara,83065,Sicilia,https://upload.wikimedia.org/wikipedia/it/thumb/6/64/Pagliara-Stemma.png/80px-Pagliara-Stemma.png
Patti,83066,Sicilia,https://upload.wikimedia.org/wikipedia/it/thumb/2/26/Patti-Stemma.png/80px-Patti-Stemma.png
Pettineo,83067,Sicilia,https://upload.wikimedia.org/wikipedia/it/thumb/5/5f/Pettineo_%28Italia%29-Stemma.png/80px-Pettineo_%28Italia%29-Stemma.png
Piraino,83068,Sicilia,https://upload.wikimedia.org/wikipedia/it/thumb/9/93/Piraino-Stemma.png/80px-Piraino-Stemma.png
Raccuja,83069,Sicilia,https://upload.wikimedia.org/wikipedia/it/thumb/f/fc/Raccuja-Stemma.png/80px-Raccuja-Stemma.png
Reitano,83070,Sicilia,https://upload.wikimedia.org/wikipedia/it/thumb/0/06/Reitano-Stemma.png/80px-Reitano-Stemma.png
Roccafiorita,83071,Sicilia,https://upload.wikimedia.org/wikipedia/it/thumb/1/15/Roccafiorita-Stemma.png/80px-Roccafiorita-Stemma.png
Roccalumera,83072,Sicilia,https://upload.wikimedia.org/wikipedia/it/thumb/2/26/Roccalumera-Stemma.png/80px-Roccalumera-Stemma.png
Roccavaldina,83073,Sicilia,https://upload.wikimedia.org/wikipedia/it/thumb/2/2a/Roccavaldina-Stemma.png/80px-Roccavaldina-Stemma.png
Roccella Valdemone,83074,Sicilia,https://upload.wikimedia.org/wikipedia/it/thumb/a/aa/Roccella_Valdemone-Stemma.png/80px-Roccella_Valdemone-Stemma.png
Rodì Milici,83075,Sicilia,https://upload.wikimedia.org/wikipedia/it/thumb/e/e0/Rod%C3%AC_Milici-Stemma.png/80px-Rod%C3%AC_Milici-Stemma.png
Rometta,83076,Sicilia,https://upload.wikimedia.org/wikipedia/it/thumb/1/16/Rometta-Stemma.png/80px-Rometta-Stemma.png
San Filippo del Mela,83077,Sicilia,https://upload.wikimedia.org/wikipedia/it/thumb/8/8b/San_Filippo_del_Mela-Stemma.png/80px-San_Filippo_del_Mela-Stemma.png
San Fratello,83078,Sicilia,https://upload.wikimedia.org/wikipedia/it/thumb/8/83/San_Fratello-Stemma.png/80px-San_Fratello-Stemma.png
San Marco d'Alunzio,83079,Sicilia,https://upload.wikimedia.org/wikipedia/it/thumb/a/ac/San_Marco_d%27Alunzio-Stemma.png/80px-San_Marco_d%27Alunzio-Stemma.png
San Pier Niceto,83080,Sicilia,https://upload.wikimedia.org/wikipedia/it/thumb/5/53/San_Pier_Niceto-Stemma.png/80px-San_Pier_Niceto-Stemma.png
San Piero Patti,83081,Sicilia,https://upload.wikimedia.org/wikipedia/it/thumb/e/ef/San_Piero_Patti-Stemma.png/80px-San_Piero_Patti-Stemma.png
San Salvatore di Fitalia,83082,Sicilia,https://upload.wikimedia.org/wikipedia/it/thumb/8/8b/San_Salvatore_di_Fitalia-Stemma.png/80px-San_Salvatore_di_Fitalia-Stemma.png
Santa Domenica Vittoria,83083,Sicilia,https://upload.wikimedia.org/wikipedia/it/thumb/3/30/Santa_Domenica_Vittoria-Stemma.png/80px-Santa_Domenica_Vittoria-Stemma.png
Sant'Agata di Militello,83084,Sicilia,https://upload.wikimedia.org/wikipedia/it/thumb/b/b1/Sant%27Agata_di_Militello-Stemma.png/80px-Sant%27Agata_di_Militello-Stemma.png
Sant'Alessio Siculo,83085,Sicilia,https://upload.wikimedia.org/wikipedia/it/thumb/b/ba/Sant%27Alessio_Siculo-Stemma.png/80px-Sant%27Alessio_Siculo-Stemma.png
Santa Lucia del Mela,83086,Sicilia,https://upload.wikimedia.org/wikipedia/it/thumb/b/b2/Santa_Lucia_del_Mela-Stemma.png/80px-Santa_Lucia_del_Mela-Stemma.png
Santa Marina Salina,83087,Sicilia,https://upload.wikimedia.org/wikipedia/it/thumb/f/f3/Santa_Marina_Salina-Stemma.png/80px-Santa_Marina_Salina-Stemma.png
Sant'Angelo di Brolo,83088,Sicilia,https://upload.wikimedia.org/wikipedia/it/thumb/5/5c/Sant%27Angelo_di_Brolo-Stemma.png/80px-Sant%27Angelo_di_Brolo-Stemma.png
Santa Teresa di Riva,83089,Sicilia,https://upload.wikimedia.org/wikipedia/commons/thumb/e/e2/Santa_Teresa_di_Riva-Stemma.svg/80px-Santa_Teresa_di_Riva-Stemma.svg.png
San Teodoro,83090,Sicilia,https://upload.wikimedia.org/wikipedia/it/thumb/9/98/San_Teodoro_%28Sicilia%29-Stemma.png/80px-San_Teodoro_%28Sicilia%29-Stemma.png
Santo Stefano di Camastra,83091,Sicilia,https://upload.wikimedia.org/wikipedia/it/thumb/6/6d/Santo_Stefano_di_Camastra-Stemma.png/80px-Santo_Stefano_di_Camastra-Stemma.png
Saponara,83092,Sicilia,https://upload.wikimedia.org/wikipedia/it/thumb/b/b6/Saponara-Stemma.png/80px-Saponara-Stemma.png
Savoca,83093,Sicilia,https://upload.wikimedia.org/wikipedia/it/thumb/e/ee/Savoca-Stemma.png/80px-Savoca-Stemma.png
Scaletta Zanclea,83094,Sicilia,https://upload.wikimedia.org/wikipedia/it/thumb/e/e4/Scaletta_Zanclea-Stemma.png/80px-Scaletta_Zanclea-Stemma.png
Sinagra,83095,Sicilia,https://upload.wikimedia.org/wikipedia/it/thumb/4/41/Sinagra-Stemma.png/80px-Sinagra-Stemma.png
Spadafora,83096,Sicilia,https://upload.wikimedia.org/wikipedia/it/thumb/a/ab/Spadafora-Stemma.png/80px-Spadafora-Stemma.png
Taormina,83097,Sicilia,https://upload.wikimedia.org/wikipedia/it/thumb/1/19/Taormina-Stemma.png/80px-Taormina-Stemma.png
Torregrotta,83098,Sicilia,https://upload.wikimedia.org/wikipedia/it/thumb/8/8c/Torregrotta-Stemma.png/80px-Torregrotta-Stemma.png
Tortorici,83099,Sicilia,https://upload.wikimedia.org/wikipedia/it/thumb/a/a7/Tortorici-Stemma.png/80px-Tortorici-Stemma.png
Tripi,83100,Sicilia,https://upload.wikimedia.org/wikipedia/it/thumb/6/66/Tripi-Stemma_it.png/80px-Tripi-Stemma_it.png
Tusa,83101,Sicilia,https://upload.wikimedia.org/wikipedia/it/thumb/9/96/Tusa-Stemma.png/80px-Tusa-Stemma.png
Ucria,83102,Sicilia,https://upload.wikimedia.org/wikipedia/it/thumb/7/75/Ucria-Stemma.png/80px-Ucria-Stemma.png
Valdina,83103,Sicilia,https://upload.wikimedia.org/wikipedia/it/thumb/3/3d/Valdina-Stemma.png/80px-Valdina-Stemma.png
Venetico,83104,Sicilia,https://upload.wikimedia.org/wikipedia/it/thumb/e/e2/Venetico-Stemma.png/80px-Venetico-Stemma.png
Villafranca Tirrena,83105,Sicilia,https://upload.wikimedia.org/wikipedia/it/thumb/e/e9/Villafranca_Tirrena-Stemma.png/80px-Villafranca_Tirrena-Stemma.png
Terme Vigliatore,83106,Sicilia,https://upload.wikimedia.org/wikipedia/it/thumb/6/6e/Terme_Vigliatore-Stemma.png/80px-Terme_Vigliatore-Stemma.png
Acquedolci,83107,Sicilia,https://upload.wikimedia.org/wikipedia/it/thumb/a/a7/Acquedolci-Stemma.png/80px-Acquedolci-Stemma.png
Torrenova,83108,Sicilia,https://upload.wikimedia.org/wikipedia/it/thumb/2/20/Torrenova-Stemma.png/80px-Torrenova-Stemma.png
Agrigento,84001,Sicilia,https://upload.wikimedia.org/wikipedia/commons/thumb/8/82/Stemmacitt%C3%A0diAgrigento.svg/80px-Stemmacitt%C3%A0diAgrigento.svg.png
Alessandria della Rocca,84002,Sicilia,https://upload.wikimedia.org/wikipedia/commons/thumb/2/2c/Stemmaalessandriadellarocca.svg/80px-Stemmaalessandriadellarocca.svg.png
Aragona,84003,Sicilia,https://upload.wikimedia.org/wikipedia/commons/thumb/7/78/Aragona_%28Sicilia%29-Stemma.svg/80px-Aragona_%28Sicilia%29-Stemma.svg.png
Bivona,84004,Sicilia,https://upload.wikimedia.org/wikipedia/it/thumb/c/c9/Bivona-Stemma.png/80px-Bivona-Stemma.png
Burgio,84005,Sicilia,https://upload.wikimedia.org/wikipedia/it/thumb/c/c3/Burgio-Stemma.png/80px-Burgio-Stemma.png
Calamonaci,84006,Sicilia,https://upload.wikimedia.org/wikipedia/commons/thumb/7/74/Calamonaci-CoA.svg/80px-Calamonaci-CoA.svg.png
Caltabellotta,84007,Sicilia,https://upload.wikimedia.org/wikipedia/it/thumb/5/59/Caltabellotta-Stemma.png/80px-Caltabellotta-Stemma.png
Camastra,84008,Sicilia,https://upload.wikimedia.org/wikipedia/it/thumb/7/7d/Camastra-Stemma.png/80px-Camastra-Stemma.png
Cammarata,84009,Sicilia,https://upload.wikimedia.org/wikipedia/it/thumb/3/31/Cammarata-Stemma.png/76px-Cammarata-Stemma.png
Campobello di Licata,84010,Sicilia,https://upload.wikimedia.org/wikipedia/it/thumb/b/bb/Campobello_di_Licata-Stemma.png/80px-Campobello_di_Licata-Stemma.png
Canicattì,84011,Sicilia,https://upload.wikimedia.org/wikipedia/it/thumb/f/fc/Canicatt%C3%AC-Stemma.png/80px-Canicatt%C3%AC-Stemma.png
Casteltermini,84012,Sicilia,https://upload.wikimedia.org/wikipedia/it/thumb/a/a7/Casteltermini-Stemma.png/80px-Casteltermini-Stemma.png
Castrofilippo,84013,Sicilia,https://upload.wikimedia.org/wikipedia/it/thumb/a/a7/Castrofilippo-Stemma.png/78px-Castrofilippo-Stemma.png
Cattolica Eraclea,84014,Sicilia,https://upload.wikimedia.org/wikipedia/commons/thumb/9/98/Stemmacattolicaeraclea.svg/80px-Stemmacattolicaeraclea.svg.png
Cianciana,84015,Sicilia,https://upload.wikimedia.org/wikipedia/it/thumb/5/55/Cianciana-Stemma.png/80px-Cianciana-Stemma.png
Comitini,84016,Sicilia,https://upload.wikimedia.org/wikipedia/it/thumb/1/1c/Comitini-Stemma.png/80px-Comitini-Stemma.png
Favara,84017,Sicilia,https://upload.wikimedia.org/wikipedia/it/thumb/c/cb/Favara-Stemma.png/68px-Favara-Stemma.png
Grotte,84018,Sicilia,https://upload.wikimedia.org/wikipedia/it/thumb/6/65/Grotte-Stemma.png/80px-Grotte-Stemma.png
Joppolo Giancaxio,84019,Sicilia,https://upload.wikimedia.org/wikipedia/it/thumb/4/49/Joppolo_Giancaxio-Stemma.png/80px-Joppolo_Giancaxio-Stemma.png
Lampedusa e Linosa,84020,Sicilia,https://upload.wikimedia.org/wikipedia/commons/thumb/c/c8/Lampedusa_e_Linosa-Stemma.svg/80px-Lampedusa_e_Linosa-Stemma.svg.png
Licata,84021,Sicilia,https://upload.wikimedia.org/wikipedia/it/thumb/f/ff/Licata-Stemma.png/80px-Licata-Stemma.png
Lucca Sicula,84022,Sicilia,https://upload.wikimedia.org/wikipedia/it/thumb/0/08/Lucca_Sicula-Stemma.png/80px-Lucca_Sicula-Stemma.png
Menfi,84023,Sicilia,https://upload.wikimedia.org/wikipedia/it/thumb/e/e3/Menfi-Stemma.png/80px-Menfi-Stemma.png
Montallegro,84024,Sicilia,https://upload.wikimedia.org/wikipedia/it/thumb/9/95/Montallegro-Stemma.png/80px-Montallegro-Stemma.png
Montevago,84025,Sicilia,https://upload.wikimedia.org/wikipedia/it/thumb/6/63/Montevago-Stemma.png/80px-Montevago-Stemma.png
Naro,84026,Sicilia,https://upload.wikimedia.org/wikipedia/commons/thumb/2/2f/Stemma_Comune_di_Naro.png/80px-Stemma_Comune_di_Naro.png
Palma di Montechiaro,84027,Sicilia,https://upload.wikimedia.org/wikipedia/it/thumb/3/35/Palma_di_Montechiaro-Stemma.png/80px-Palma_di_Montechiaro-Stemma.png
Porto Empedocle,84028,Sicilia,https://upload.wikimedia.org/wikipedia/it/thumb/9/9a/Porto_Empedocle-Stemma.png/80px-Porto_Empedocle-Stemma.png
Racalmuto,84029,Sicilia,https://upload.wikimedia.org/wikipedia/it/thumb/6/6e/Racalmuto-Stemma.png/80px-Racalmuto-Stemma.png
Raffadali,84030,Sicilia,https://upload.wikimedia.org/wikipedia/commons/thumb/c/c6/Stemma_Comunale_di_Raffadali.svg/80px-Stemma_Comunale_di_Raffadali.svg.png
Ravanusa,84031,Sicilia,https://upload.wikimedia.org/wikipedia/it/thumb/6/6b/Ravanusa-Stemma.png/80px-Ravanusa-Stemma.png
Realmonte,84032,Sicilia,https://upload.wikimedia.org/wikipedia/it/thumb/9/96/Realmonte-Stemma.png/80px-Realmonte-Stemma.png
Ribera,84033,Sicilia,https://upload.wikimedia.org/wikipedia/it/thumb/f/fa/Ribera-Stemma.png/80px-Ribera-Stemma.png
Sambuca di Sicilia,84034,Sicilia,https://upload.wikimedia.org/wikipedia/it/thumb/4/4a/Sambuca_di_Sicilia-Stemma.png/80px-Sambuca_di_Sicilia-Stemma.png
San Biagio Platani,84035,Sicilia,https://upload.wikimedia.org/wikipedia/it/thumb/d/da/San_Biagio_Platani-Stemma.png/80px-San_Biagio_Platani-Stemma.png
San Giovanni Gemini,84036,Sicilia,https://upload.wikimedia.org/wikipedia/it/thumb/8/8a/San_Giovanni_Gemini-Stemma.png/80px-San_Giovanni_Gemini-Stemma.png
Santa Elisabetta,84037,Sicilia,https://upload.wikimedia.org/wikipedia/it/thumb/b/bd/Santa_Elisabetta_%28Italia%29-Stemma.png/80px-Santa_Elisabetta_%28Italia%29-Stemma.png
Santa Margherita di Belice,84038,Sicilia,https://upload.wikimedia.org/wikipedia/it/thumb/9/91/Santa_Margherita_di_Belice-Stemma.png/80px-Santa_Margherita_di_Belice-Stemma.png
Sant'Angelo Muxaro,84039,Sicilia,https://upload.wikimedia.org/wikipedia/it/thumb/3/39/Sant%27Angelo_Muxaro-Stemma.png/80px-Sant%27Angelo_Muxaro-Stemma.png
Santo Stefano Quisquina,84040,Sicilia,https://upload.wikimedia.org/wikipedia/it/thumb/f/f1/Santo_Stefano_Quisquina-Stemma.png/80px-Santo_Stefano_Quisquina-Stemma.png
Sciacca,84041,Sicilia,https://upload.wikimedia.org/wikipedia/commons/thumb/3/3e/Sciacca-stemma.svg/60px-Sciacca-stemma.svg.png
Siculiana,84042,Sicilia,https://upload.wikimedia.org/wikipedia/it/thumb/3/37/Siculiana-Stemma.png/80px-Siculiana-Stemma.png
Villafranca Sicula,84043,Sicilia,https://upload.wikimedia.org/wikipedia/it/thumb/4/46/Villafranca_Sicula-Stemma.png/80px-Villafranca_Sicula-Stemma.png
Acquaviva Platani,85001,Sicilia,https://upload.wikimedia.org/wikipedia/it/thumb/5/5f/Acquaviva_Platani-Stemma_it.png/80px-Acquaviva_Platani-Stemma_it.png
Bompensiere,85002,Sicilia,https://upload.wikimedia.org/wikipedia/it/thumb/4/42/Bompensiere-Stemma.png/80px-Bompensiere-Stemma.png
Butera,85003,Sicilia,https://upload.wikimedia.org/wikipedia/it/thumb/7/71/Butera-Stemma.png/80px-Butera-Stemma.png
Caltanissetta,85004,Sicilia,https://upload.wikimedia.org/wikipedia/commons/thumb/4/4c/CaltanissettaCoA.svg/73px-CaltanissettaCoA.svg.png
Campofranco,85005,Sicilia,https://upload.wikimedia.org/wikipedia/it/thumb/c/c4/Campofranco-Stemma.png/80px-Campofranco-Stemma.png
Delia,85006,Sicilia,https://upload.wikimedia.org/wikipedia/it/thumb/6/67/Delia_%28Italia%29-Stemma.png/80px-Delia_%28Italia%29-Stemma.png
Gela,85007,Sicilia,https://upload.wikimedia.org/wikipedia/it/9/95/Gela-Stemma.png
Marianopoli,85008,Sicilia,https://upload.wikimedia.org/wikipedia/it/thumb/9/92/Marianopoli-Stemma.png/80px-Marianopoli-Stemma.png
Mazzarino,85009,Sicilia,https://upload.wikimedia.org/wikipedia/commons/thumb/4/4f/Mazzarino-Stemma.svg/80px-Mazzarino-Stemma.svg.png
Milena,85010,Sicilia,https://upload.wikimedia.org/wikipedia/it/thumb/e/e7/Milena_%28Italia%29-Stemma.png/80px-Milena_%28Italia%29-Stemma.png
Montedoro,85011,Sicilia,https://upload.wikimedia.org/wikipedia/it/thumb/5/5e/Montedoro-Stemma.png/80px-Montedoro-Stemma.png
Mussomeli,85012,Sicilia,https://upload.wikimedia.org/wikipedia/it/thumb/6/68/Mussomeli-Stemma.png/80px-Mussomeli-Stemma.png
Niscemi,85013,Sicilia,https://upload.wikimedia.org/wikipedia/it/thumb/2/26/Niscemi-Stemma.png/80px-Niscemi-Stemma.png
Resuttano,85014,Sicilia,https://upload.wikimedia.org/wikipedia/it/thumb/e/ec/Resuttano-Stemma.png/80px-Resuttano-Stemma.png
Riesi,85015,Sicilia,https://upload.wikimedia.org/wikipedia/it/thumb/9/9a/Riesi-Stemma.png/69px-Riesi-Stemma.png
San Cataldo,85016,Sicilia,https://upload.wikimedia.org/wikipedia/it/thumb/1/19/San_Cataldo_%28Italia%29-Stemma.png/80px-San_Cataldo_%28Italia%29-Stemma.png
Santa Caterina Villarmosa,85017,Sicilia,https://upload.wikimedia.org/wikipedia/it/thumb/0/01/Santa_Caterina_Villarmosa-Stemma.png/80px-Santa_Caterina_Villarmosa-Stemma.png
Serradifalco,85018,Sicilia,https://upload.wikimedia.org/wikipedia/it/thumb/9/92/Serradifalco-Stemma.png/80px-Serradifalco-Stemma.png
Sommatino,85019,Sicilia,https://upload.wikimedia.org/wikipedia/it/thumb/2/22/Sommatino-Stemma.png/80px-Sommatino-Stemma.png
Sutera,85020,Sicilia,https://upload.wikimedia.org/wikipedia/it/thumb/b/b4/Sutera-Stemma.png/80px-Sutera-Stemma.png
Vallelunga Pratameno,85021,Sicilia,https://upload.wikimedia.org/wikipedia/it/thumb/5/5d/Vallelunga_Pratameno-Stemma.png/80px-Vallelunga_Pratameno-Stemma.png
Villalba,85022,Sicilia,https://upload.wikimedia.org/wikipedia/it/thumb/1/11/Villalba-Stemma.png/80px-Villalba-Stemma.png
Agira,86001,Sicilia,https://upload.wikimedia.org/wikipedia/it/thumb/8/88/Agira-Stemma.png/80px-Agira-Stemma.png
Aidone,86002,Sicilia,https://upload.wikimedia.org/wikipedia/it/thumb/f/fd/Aidone-Stemma.png/80px-Aidone-Stemma.png
Assoro,86003,Sicilia,https://upload.wikimedia.org/wikipedia/it/thumb/8/85/Assoro-Stemma.png/80px-Assoro-Stemma.png
Barrafranca,86004,Sicilia,https://upload.wikimedia.org/wikipedia/it/thumb/f/f0/Barrafranca-Stemma.png/80px-Barrafranca-Stemma.png
Calascibetta,86005,Sicilia,https://upload.wikimedia.org/wikipedia/it/thumb/0/00/Calascibetta-Stemma.png/80px-Calascibetta-Stemma.png
Catenanuova,86006,Sicilia,https://upload.wikimedia.org/wikipedia/it/thumb/3/30/Catenanuova-Stemma.png/80px-Catenanuova-Stemma.png
Centuripe,86007,Sicilia,https://upload.wikimedia.org/wikipedia/it/thumb/a/a4/Centuripe-Stemma.png/80px-Centuripe-Stemma.png
Cerami,86008,Sicilia,https://upload.wikimedia.org/wikipedia/it/3/3c/Cerami-Stemma.png
Enna,86009,Sicilia,https://upload.wikimedia.org/wikipedia/it/thumb/1/1e/Enna-Stemma.png/63px-Enna-Stemma.png
Gagliano Castelferrato,86010,Sicilia,https://upload.wikimedia.org/wikipedia/it/thumb/7/78/Gagliano_Castelferrato-Stemma.png/80px-Gagliano_Castelferrato-Stemma.png
Leonforte,86011,Sicilia,https://upload.wikimedia.org/wikipedia/commons/thumb/8/82/Stemma_Comune_di_Leonforte.jpg/70px-Stemma_Comune_di_Leonforte.jpg
Nicosia,86012,Sicilia,https://upload.wikimedia.org/wikipedia/it/thumb/e/eb/Nicosia_%28Italia%29-Stemma.png/80px-Nicosia_%28Italia%29-Stemma.png
Nissoria,86013,Sicilia,https://upload.wikimedia.org/wikipedia/it/thumb/8/8c/Nissoria-Stemma.png/80px-Nissoria-Stemma.png
Piazza Armerina,86014,Sicilia,https://upload.wikimedia.org/wikipedia/commons/thumb/6/68/Piazza_Armerina-Stemma.svg/80px-Piazza_Armerina-Stemma.svg.png
Pietraperzia,86015,Sicilia,https://upload.wikimedia.org/wikipedia/it/thumb/8/8f/Pietraperzia-Stemma.png/80px-Pietraperzia-Stemma.png
Regalbuto,86016,Sicilia,https://upload.wikimedia.org/wikipedia/it/thumb/c/cc/Stemmaregalbuto.jpg/80px-Stemmaregalbuto.jpg
Sperlinga,86017,Sicilia,https://upload.wikimedia.org/wikipedia/it/thumb/1/1d/Sperlinga-Stemma.png/80px-Sperlinga-Stemma.png
Troina,86018,Sicilia,https://upload.wikimedia.org/wikipedia/it/thumb/a/a2/Troina-Stemma.png/80px-Troina-Stemma.png
Valguarnera Caropepe,86019,Sicilia,https://upload.wikimedia.org/wikipedia/it/thumb/3/3f/Valguarnera_Caropepe-Stemma.png/80px-Valguarnera_Caropepe-Stemma.png
Villarosa,86020,Sicilia,https://upload.wikimedia.org/wikipedia/it/2/2e/Villarosa-Stemma.png
Aci Bonaccorsi,87001,Sicilia,https://upload.wikimedia.org/wikipedia/it/6/6e/Aci_Bonaccorsi-Stemma.png
Aci Castello,87002,Sicilia,https://upload.wikimedia.org/wikipedia/it/thumb/1/10/Aci_Castello-Stemma.png/80px-Aci_Castello-Stemma.png
Aci Catena,87003,Sicilia,https://upload.wikimedia.org/wikipedia/it/5/55/Aci_Catena-Stemma.png
Acireale,87004,Sicilia,https://upload.wikimedia.org/wikipedia/it/thumb/4/4d/Acireale-Stemma.png/80px-Acireale-Stemma.png
Aci Sant'Antonio,87005,Sicilia,https://upload.wikimedia.org/wikipedia/it/thumb/6/64/Aci_Sant%27Antonio-Stemma.png/80px-Aci_Sant%27Antonio-Stemma.png
Adrano,87006,Sicilia,https://upload.wikimedia.org/wikipedia/it/thumb/b/b2/Adrano-Stemma.png/80px-Adrano-Stemma.png
Belpasso,87007,Sicilia,https://upload.wikimedia.org/wikipedia/it/thumb/4/40/Belpasso-Stemma.png/80px-Belpasso-Stemma.png
Biancavilla,87008,Sicilia,https://upload.wikimedia.org/wikipedia/it/thumb/3/38/Biancavilla-Stemma.png/80px-Biancavilla-Stemma.png
Bronte,87009,Sicilia,https://upload.wikimedia.org/wikipedia/it/thumb/7/78/Bronte_%28Italia%29-Stemma.png/80px-Bronte_%28Italia%29-Stemma.png
Calatabiano,87010,Sicilia,https://upload.wikimedia.org/wikipedia/it/thumb/2/25/Calatabiano-Stemma.png/80px-Calatabiano-Stemma.png
Caltagirone,87011,Sicilia,https://upload.wikimedia.org/wikipedia/it/thumb/5/54/Caltagirone-Stemma.png/80px-Caltagirone-Stemma.png
Camporotondo Etneo,87012,Sicilia,https://upload.wikimedia.org/wikipedia/it/thumb/b/ba/Camporotondo_Etneo-Stemma.png/80px-Camporotondo_Etneo-Stemma.png
Castel di Iudica,87013,Sicilia,https://upload.wikimedia.org/wikipedia/it/thumb/6/6e/Castel_di_Iudica-Stemma.png/80px-Castel_di_Iudica-Stemma.png
Castiglione di Sicilia,87014,Sicilia,https://upload.wikimedia.org/wikipedia/it/thumb/2/25/Castiglione_di_Sicilia-Stemma.png/80px-Castiglione_di_Sicilia-Stemma.png
Catania,87015,Sicilia,https://upload.wikimedia.org/wikipedia/commons/thumb/a/aa/Catania-Stemma.svg/80px-Catania-Stemma.svg.png
Fiumefreddo di Sicilia,87016,Sicilia,https://upload.wikimedia.org/wikipedia/it/thumb/b/b0/Fiumefreddo_di_Sicilia-Stemma.png/80px-Fiumefreddo_di_Sicilia-Stemma.png
Giarre,87017,Sicilia,https://upload.wikimedia.org/wikipedia/it/thumb/5/5b/Giarre-Stemma.png/80px-Giarre-Stemma.png
Grammichele,87018,Sicilia,https://upload.wikimedia.org/wikipedia/it/thumb/d/de/Grammichele-Stemma.png/80px-Grammichele-Stemma.png
Gravina di Catania,87019,Sicilia,https://upload.wikimedia.org/wikipedia/it/thumb/4/4f/Gravina_di_Catania-Stemma.png/80px-Gravina_di_Catania-Stemma.png
Licodia Eubea,87020,Sicilia,https://upload.wikimedia.org/wikipedia/it/thumb/7/7a/Licodia_Eubea-Stemma.png/80px-Licodia_Eubea-Stemma.png
Linguaglossa,87021,Sicilia,https://upload.wikimedia.org/wikipedia/it/thumb/6/6c/Linguaglossa-Stemma.png/80px-Linguaglossa-Stemma.png
Maletto,87022,Sicilia,https://upload.wikimedia.org/wikipedia/it/thumb/7/7a/Maletto-Stemma.png/80px-Maletto-Stemma.png
Mascali,87023,Sicilia,https://upload.wikimedia.org/wikipedia/it/thumb/8/84/Mascali-Stemma.png/80px-Mascali-Stemma.png
Mascalucia,87024,Sicilia,https://upload.wikimedia.org/wikipedia/it/thumb/f/f1/Mascalucia-Stemma.png/80px-Mascalucia-Stemma.png
Militello in Val di Catania,87025,Sicilia,https://upload.wikimedia.org/wikipedia/commons/thumb/a/a9/Stemma_Comune_di_Militello_in_Val_di_Catania.png/80px-Stemma_Comune_di_Militello_in_Val_di_Catania.png
Milo,87026,Sicilia,https://upload.wikimedia.org/wikipedia/it/thumb/0/0c/Milo_%28Italia%29-Stemma.png/80px-Milo_%28Italia%29-Stemma.png
Mineo,87027,Sicilia,https://upload.wikimedia.org/wikipedia/it/thumb/d/d0/Mineo-Stemma.png/80px-Mineo-Stemma.png
Mirabella Imbaccari,87028,Sicilia,https://upload.wikimedia.org/wikipedia/it/thumb/e/e5/Mirabella_Imbaccari-Stemma.png/80px-Mirabella_Imbaccari-Stemma.png
Misterbianco,87029,Sicilia,https://upload.wikimedia.org/wikipedia/it/thumb/5/55/Misterbianco-Stemma.png/80px-Misterbianco-Stemma.png
Motta Sant'Anastasia,87030,Sicilia,https://upload.wikimedia.org/wikipedia/it/thumb/c/c8/Motta_Sant%27Anastasia-Stemma.png/80px-Motta_Sant%27Anastasia-Stemma.png
Nicolosi,87031,Sicilia,https://upload.wikimedia.org/wikipedia/it/thumb/6/60/Nicolosi-Stemma.png/80px-Nicolosi-Stemma.png
Palagonia,87032,Sicilia,https://upload.wikimedia.org/wikipedia/it/thumb/7/73/Palagonia-Stemma.png/80px-Palagonia-Stemma.png
Paternò,87033,Sicilia,https://upload.wikimedia.org/wikipedia/it/thumb/0/05/Patern%C3%B2-Stemma.png/80px-Patern%C3%B2-Stemma.png
Pedara,87034,Sicilia,https://upload.wikimedia.org/wikipedia/it/thumb/f/fe/Pedara-Stemma.png/80px-Pedara-Stemma.png
Piedimonte Etneo,87035,Sicilia,https://upload.wikimedia.org/wikipedia/it/thumb/4/45/Piedimonte_Etneo-Stemma.png/80px-Piedimonte_Etneo-Stemma.png
Raddusa,87036,Sicilia,https://upload.wikimedia.org/wikipedia/it/thumb/6/64/Raddusa-Stemma.png/80px-Raddusa-Stemma.png
Ramacca,87037,Sicilia,https://upload.wikimedia.org/wikipedia/it/thumb/1/14/Ramacca-Stemma.png/80px-Ramacca-Stemma.png
Randazzo,87038,Sicilia,https://upload.wikimedia.org/wikipedia/it/thumb/7/74/Randazzo-Stemma.png/80px-Randazzo-Stemma.png
Riposto,87039,Sicilia,https://upload.wikimedia.org/wikipedia/it/thumb/d/d3/Riposto-Stemma.png/80px-Riposto-Stemma.png
San Cono,87040,Sicilia,https://upload.wikimedia.org/wikipedia/it/thumb/b/b4/San_Cono-Stemma.png/80px-San_Cono-Stemma.png
San Giovanni la Punta,87041,Sicilia,https://upload.wikimedia.org/wikipedia/it/thumb/1/16/San_Giovanni_la_Punta-Stemma.png/80px-San_Giovanni_la_Punta-Stemma.png
San Gregorio di Catania,87042,Sicilia,https://upload.wikimedia.org/wikipedia/it/thumb/2/23/San_Gregorio_di_Catania-Stemma.png/80px-San_Gregorio_di_Catania-Stemma.png
San Michele di Ganzaria,87043,Sicilia,https://upload.wikimedia.org/wikipedia/it/thumb/4/4e/San_Michele_di_ganzaria_Stemma%2C_.jpg/80px-San_Michele_di_ganzaria_Stemma%2C_.jpg
San Pietro Clarenza,87044,Sicilia,https://upload.wikimedia.org/wikipedia/it/thumb/c/c3/San_Pietro_Clarenza-Stemma.png/80px-San_Pietro_Clarenza-Stemma.png
Sant'Agata li Battiati,87045,Sicilia,https://upload.wikimedia.org/wikipedia/it/thumb/e/e7/Sant%27Agata_li_Battiati-Stemma.png/79px-Sant%27Agata_li_Battiati-Stemma.png
Sant'Alfio,87046,Sicilia,https://upload.wikimedia.org/wikipedia/it/thumb/7/76/Sant%27Alfio_%28Italia%29-Stemma.png/80px-Sant%27Alfio_%28Italia%29-Stemma.png
Santa Maria di Licodia,87047,Sicilia,https://upload.wikimedia.org/wikipedia/it/thumb/8/81/Santa_Maria_di_Licodia-Stemma.png/80px-Santa_Maria_di_Licodia-Stemma.png
Santa Venerina,87048,Sicilia,https://upload.wikimedia.org/wikipedia/it/thumb/f/f7/Santa_Venerina-Stemma.png/80px-Santa_Venerina-Stemma.png
Scordia,87049,Sicilia,https://upload.wikimedia.org/wikipedia/it/thumb/0/0d/Scordia-Stemma.png/80px-Scordia-Stemma.png
Trecastagni,87050,Sicilia,https://upload.wikimedia.org/wikipedia/commons/thumb/e/ed/Logo_comune_di_trecastagni.png/80px-Logo_comune_di_trecastagni.png
Tremestieri Etneo,87051,Sicilia,https://upload.wikimedia.org/wikipedia/it/thumb/5/50/Tremestieri_Etneo-Stemma.png/80px-Tremestieri_Etneo-Stemma.png
Valverde,87052,Sicilia,https://upload.wikimedia.org/wikipedia/it/thumb/1/1d/Valverde_%28Sicilia%29-Stemma.png/80px-Valverde_%28Sicilia%29-Stemma.png
Viagrande,87053,Sicilia,https://upload.wikimedia.org/wikipedia/it/thumb/1/12/Viagrande-Stemma.png/80px-Viagrande-Stemma.png
Vizzini,87054,Sicilia,https://upload.wikimedia.org/wikipedia/it/thumb/a/a1/Vizzini-Stemma.png/80px-Vizzini-Stemma.png
Zafferana Etnea,87055,Sicilia,https://upload.wikimedia.org/wikipedia/it/thumb/d/d6/Zafferana_Etnea-Stemma.png/78px-Zafferana_Etnea-Stemma.png
Mazzarrone,87056,Sicilia,https://upload.wikimedia.org/wikipedia/it/thumb/c/c5/Mazzarrone-Stemma.png/80px-Mazzarrone-Stemma.png
Maniace,87057,Sicilia,https://upload.wikimedia.org/wikipedia/it/thumb/7/75/Maniace-Stemma.png/80px-Maniace-Stemma.png
Ragalna,87058,Sicilia,https://upload.wikimedia.org/wikipedia/it/thumb/d/d9/Ragalna-Stemma.png/80px-Ragalna-Stemma.png
Acate,88001,Sicilia,https://upload.wikimedia.org/wikipedia/it/thumb/7/77/Acate-Stemma.png/80px-Acate-Stemma.png
Chiaramonte Gulfi,88002,Sicilia,https://upload.wikimedia.org/wikipedia/it/thumb/6/68/Chiaramonte_Gulfi-Stemma.png/80px-Chiaramonte_Gulfi-Stemma.png
Comiso,88003,Sicilia,https://upload.wikimedia.org/wikipedia/it/thumb/5/59/Comiso-Stemma.png/80px-Comiso-Stemma.png
Giarratana,88004,Sicilia,https://upload.wikimedia.org/wikipedia/it/thumb/6/60/Giarratana-Stemma.png/80px-Giarratana-Stemma.png
Ispica,88005,Sicilia,https://upload.wikimedia.org/wikipedia/it/thumb/a/a5/Ispica-Stemma.png/80px-Ispica-Stemma.png
Modica,88006,Sicilia,https://upload.wikimedia.org/wikipedia/commons/thumb/1/14/Modica-Stemma.svg/80px-Modica-Stemma.svg.png
Monterosso Almo,88007,Sicilia,https://upload.wikimedia.org/wikipedia/it/thumb/b/b5/Monterosso_Almo-Stemma.png/80px-Monterosso_Almo-Stemma.png
Pozzallo,88008,Sicilia,https://upload.wikimedia.org/wikipedia/it/thumb/8/81/Pozzallo-Stemma.png/80px-Pozzallo-Stemma.png
Ragusa,88009,Sicilia,https://upload.wikimedia.org/wikipedia/it/thumb/5/55/Ragusa-Stemma.png/80px-Ragusa-Stemma.png
Santa Croce Camerina,88010,Sicilia,https://upload.wikimedia.org/wikipedia/it/thumb/8/88/Santa_Croce_Camerina-Stemma.png/80px-Santa_Croce_Camerina-Stemma.png
Scicli,88011,Sicilia,https://upload.wikimedia.org/wikipedia/it/thumb/4/4d/Scicli-Stemma.png/80px-Scicli-Stemma.png
Vittoria,88012,Sicilia,https://upload.wikimedia.org/wikipedia/it/thumb/b/b5/Vittoria_%28Italia%29-Stemma.png/80px-Vittoria_%28Italia%29-Stemma.png
Augusta,89001,Sicilia,https://upload.wikimedia.org/wikipedia/it/thumb/8/86/Augusta-Stemma.png/80px-Augusta-Stemma.png
Avola,89002,Sicilia,https://upload.wikimedia.org/wikipedia/it/thumb/4/4f/Avola-Stemma.png/80px-Avola-Stemma.png
Buccheri,89003,Sicilia,https://upload.wikimedia.org/wikipedia/it/thumb/e/ef/Buccheri-Stemma.png/80px-Buccheri-Stemma.png
Buscemi,89004,Sicilia,https://upload.wikimedia.org/wikipedia/commons/thumb/c/cf/Buscemi-Stemma.svg/80px-Buscemi-Stemma.svg.png
Canicattini Bagni,89005,Sicilia,https://upload.wikimedia.org/wikipedia/it/thumb/4/45/Canicattini_Bagni-Stemma.png/80px-Canicattini_Bagni-Stemma.png
Carlentini,89006,Sicilia,https://upload.wikimedia.org/wikipedia/it/thumb/2/28/Carlentini-Stemma.png/80px-Carlentini-Stemma.png
Cassaro,89007,Sicilia,https://upload.wikimedia.org/wikipedia/it/thumb/3/35/Cassaro-Stemma.png/80px-Cassaro-Stemma.png
Ferla,89008,Sicilia,https://upload.wikimedia.org/wikipedia/it/thumb/c/cc/Ferla_Stemma_Colori.jpg/80px-Ferla_Stemma_Colori.jpg
Floridia,89009,Sicilia,https://upload.wikimedia.org/wikipedia/it/thumb/f/f0/Floridia-Stemma.png/80px-Floridia-Stemma.png
Francofonte,89010,Sicilia,https://upload.wikimedia.org/wikipedia/it/thumb/a/a2/Francofonte-Stemma.png/79px-Francofonte-Stemma.png
Lentini,89011,Sicilia,https://upload.wikimedia.org/wikipedia/it/thumb/5/55/Lentini-Stemma.png/80px-Lentini-Stemma.png
Melilli,89012,Sicilia,https://upload.wikimedia.org/wikipedia/it/thumb/9/9c/Melilli-Stemma.png/80px-Melilli-Stemma.png
Noto,89013,Sicilia,https://upload.wikimedia.org/wikipedia/it/thumb/e/e7/Noto-Stemma.png/80px-Noto-Stemma.png
Pachino,89014,Sicilia,https://upload.wikimedia.org/wikipedia/it/thumb/8/89/Pachino-Stemma.png/80px-Pachino-Stemma.png
Palazzolo Acreide,89015,Sicilia,https://upload.wikimedia.org/wikipedia/it/thumb/d/da/Palazzolo_Acreide-Stemma.png/80px-Palazzolo_Acreide-Stemma.png
Rosolini,89016,Sicilia,https://upload.wikimedia.org/wikipedia/it/thumb/9/9f/Rosolini-Stemma.png/77px-Rosolini-Stemma.png
Siracusa,89017,Sicilia,https://upload.wikimedia.org/wikipedia/it/thumb/e/e0/Siracusa-Stemma.png/80px-Siracusa-Stemma.png
Solarino,89018,Sicilia,https://upload.wikimedia.org/wikipedia/it/thumb/d/d6/Solarino-Stemma_it.png/80px-Solarino-Stemma_it.png
Sortino,89019,Sicilia,https://upload.wikimedia.org/wikipedia/it/thumb/c/cd/Sortino-Stemma.png/80px-Sortino-Stemma.png
Portopalo di Capo Passero,89020,Sicilia,https://upload.wikimedia.org/wikipedia/it/thumb/1/1d/Portopalo_di_Capo_Passero-Stemma.png/80px-Portopalo_di_Capo_Passero-Stemma.png
Priolo Gargallo,89021,Sicilia,https://upload.wikimedia.org/wikipedia/it/thumb/5/5a/Priolo_Gargallo-Stemma.png/80px-Priolo_Gargallo-Stemma.png